{"name":"ba415af1-eeb9-4792-95c9-bad893af0092","id":"/providers/Microsoft.Flow/flows/ba415af1-eeb9-4792-95c9-bad893af0092","type":"Microsoft.Flow/flows","properties":{"apiId":"/providers/Microsoft.PowerApps/apis/shared_logicflows","displayName":"Flujo - Gestión de Solicitudes con Aprobación","definition":{"metadata":{"workflowEntityId":null,"processAdvisorMetadata":null,"flowChargedByPaygo":null,"flowclientsuspensionreason":"None","flowclientsuspensiontime":null,"flowclientsuspensionreasondetails":null,"creator":{"id":"091bf286-c742-4d4b-96ed-91f5bcf4258b","type":"User","tenantId":"3209b50b-b79b-43dc-9fc4-8d42c406dd61"},"provisioningMethod":"FromDefinition","failureAlertSubscription":true,"clientLastModifiedTime":"2026-01-31T15:20:29.7152527Z","connectionKeySavedTimeKey":"2026-01-31T15:20:29.7152527Z","creationSource":"Portal","modifiedSources":"Portal"},"$schema":"https://schema.management.azure.com/providers/Microsoft.Logic/schemas/2016-06-01/workflowdefinition.json#","contentVersion":"1.0.0.0","parameters":{"$authentication":{"defaultValue":{},"type":"SecureObject"},"$connections":{"defaultValue":{},"type":"Object"}},"triggers":{"When_a_new_response_is_submitted":{"splitOn":"@triggerOutputs()?['body/value']","type":"OpenApiConnectionWebhook","inputs":{"parameters":{"form_id":"C7UJMpu33EOfxI1CxAbdYYbyGwlCx0tNlu2R9bz0JYtUQ1QwRjBQMjNWM1IxU1JHWjNDVjFQR0IwTC4u"},"host":{"apiId":"/providers/Microsoft.PowerApps/apis/shared_microsoftforms","connectionName":"shared_microsoftforms","operationId":"CreateFormWebhook"},"authentication":"@parameters('$authentication')"}}},"actions":{"Get_response_details":{"runAfter":{},"type":"OpenApiConnection","inputs":{"parameters":{"form_id":"C7UJMpu33EOfxI1CxAbdYYbyGwlCx0tNlu2R9bz0JYtUQ1QwRjBQMjNWM1IxU1JHWjNDVjFQR0IwTC4u","response_id":"@triggerOutputs()?['body/resourceData/responseId']"},"host":{"apiId":"/providers/Microsoft.PowerApps/apis/shared_microsoftforms","connectionName":"shared_microsoftforms","operationId":"GetFormResponseById"},"authentication":"@parameters('$authentication')"}},"Create_item":{"runAfter":{"Get_response_details":["Succeeded"]},"type":"OpenApiConnection","inputs":{"parameters":{"dataset":"https://usilpe-my.sharepoint.com/personal/jhon_aldaez_usil_pe/_layouts/15/lists.aspx?openCreate=true","table":"e368c462-7e9b-479d-babf-e40947922fc9","item/Title":"@outputs('Get_response_details')?['body/rb371d3ddc40041f7a2eb69c22df1be38']","item/OData__x00c1_rea/Value":"@outputs('Get_response_details')?['body/r3a286bea0c244c5482c4bb86d9d9a12c']","item/TipoSolicitud/Value":"@outputs('Get_response_details')?['body/r8f647e7d462c42c7ba32868c1b499f53']","item/Monto":"@outputs('Get_response_details')?['body/r6f94ea1360ac4b828b16b06ca5c27ebd']","item/Prioridad/Value":"@outputs('Get_response_details')?['body/r5c811fc3218b4a1fa9bb2c54f86bcf8b']","item/Estado/Value":"Nuevo","item/FechaSolicitud":"@outputs('Get_response_details')?['body/submitDate']","item/Detalle":"@outputs('Get_response_details')?['body/r19383eff8af54fd3bac51822525ff4bf']","item/Correo":"@outputs('Get_response_details')?['body/rc7f506c3bac946e2803147f2d524296e']"},"host":{"apiId":"/providers/Microsoft.PowerApps/apis/shared_sharepointonline","connectionName":"shared_sharepointonline","operationId":"PostItem"},"authentication":"@parameters('$authentication')"}},"Condition_2":{"actions":{"Update_item":{"type":"OpenApiConnection","inputs":{"parameters":{"dataset":"https://usilpe-my.sharepoint.com/personal/jhon_aldaez_usil_pe/_layouts/15/lists.aspx?openCreate=true","table":"e368c462-7e9b-479d-babf-e40947922fc9","id":"@outputs('Create_item')?['body/ID']","item/Title":"@outputs('Create_item')?['body/Title']","item/OData__x00c1_rea/Value":"@outputs('Create_item')?['body/OData__x00c1_rea/Value']","item/TipoSolicitud/Value":"@outputs('Create_item')?['body/TipoSolicitud/Value']","item/Monto":"@outputs('Create_item')?['body/Monto']","item/Prioridad/Value":"@outputs('Create_item')?['body/Prioridad/Value']","item/Estado/Value":"En revisión","item/FechaSolicitud":"@outputs('Create_item')?['body/FechaSolicitud']","item/Detalle":"@outputs('Create_item')?['body/Detalle']","item/Correo":"@outputs('Create_item')?['body/Correo']"},"host":{"apiId":"/providers/Microsoft.PowerApps/apis/shared_sharepointonline","connectionName":"shared_sharepointonline","operationId":"PatchItem"},"authentication":"@parameters('$authentication')"}},"Start_and_wait_for_an_approval":{"runAfter":{"Update_item":["Succeeded"]},"type":"OpenApiConnectionWebhook","inputs":{"parameters":{"approvalType":"Basic","WebhookApprovalCreationInput/title":"Aprobación de solicitud @{outputs('Create_item')?['body/ID']}","WebhookApprovalCreationInput/assignedTo":"jhon.aldaez@usil.pe","WebhookApprovalCreationInput/details":"Se ha registrado una nueva solicitud:\n\nSolicitante: @{outputs('Create_item')?['body/Correo']}\nÁrea: @{outputs('Create_item')?['body/OData__x00c1_rea/Value']}\nTipo de solicitud: @{outputs('Create_item')?['body/TipoSolicitud/Value']}\nMonto: S/ @{outputs('Create_item')?['body/Monto']}\nPrioridad: @{outputs('Create_item')?['body/Prioridad/Value']}","WebhookApprovalCreationInput/itemLink":"https://usilpe-my.sharepoint.com/personal/jhon_aldaez_usil_pe/Lists/Aprobaciones/AllItems.aspx?env=WebViewList&npsAction=createList","WebhookApprovalCreationInput/enableNotifications":true,"WebhookApprovalCreationInput/enableReassignment":true},"host":{"apiId":"/providers/Microsoft.PowerApps/apis/shared_approvals","connectionName":"shared_approvals","operationId":"StartAndWaitForAnApproval"},"authentication":"@parameters('$authentication')"}},"Condition":{"actions":{"For_each":{"foreach":"@outputs('Start_and_wait_for_an_approval')?['body/responses']","actions":{"Create_item_1":{"type":"OpenApiConnection","inputs":{"parameters":{"dataset":"https://usilpe-my.sharepoint.com/personal/jhon_aldaez_usil_pe/_layouts/15/lists.aspx?openCreate=true","table":"dc5b1c3c-d44a-4b80-b553-869dd5fee03b","item/Title":"@outputs('Create_item')?['body/Title']","item/SolicitudID":"@outputs('Create_item')?['body/ID']","item/Aprobador/Claims":"@items('For_each')?['responder/email']","item/Resultado/Value":"Aprobado","item/Comentarios":"@items('For_each')?['comments']","item/FechaDecision":"@utcNow()\r\n"},"host":{"apiId":"/providers/Microsoft.PowerApps/apis/shared_sharepointonline","connectionName":"shared_sharepointonline","operationId":"PostItem"},"authentication":"@parameters('$authentication')"}},"Update_item_5":{"runAfter":{"Create_item_1":["Succeeded"]},"type":"OpenApiConnection","inputs":{"parameters":{"dataset":"https://usilpe-my.sharepoint.com/personal/jhon_aldaez_usil_pe/_layouts/15/lists.aspx?openCreate=true","table":"e368c462-7e9b-479d-babf-e40947922fc9","id":"@outputs('Create_item')?['body/ID']","item/Title":"@outputs('Create_item')?['body/Title']","item/OData__x00c1_rea/Value":"@outputs('Create_item')?['body/OData__x00c1_rea/Value']","item/TipoSolicitud/Value":"@outputs('Create_item')?['body/TipoSolicitud/Value']","item/Monto":"@outputs('Create_item')?['body/Monto']","item/Prioridad/Value":"@outputs('Update_item')?['body/Prioridad/Value']","item/Estado/Value":"Aprobado","item/FechaSolicitud":"@outputs('Create_item')?['body/FechaSolicitud']","item/Detalle":"@outputs('Create_item')?['body/Detalle']","item/Correo":"@outputs('Create_item')?['body/Correo']"},"host":{"apiId":"/providers/Microsoft.PowerApps/apis/shared_sharepointonline","connectionName":"shared_sharepointonline","operationId":"PatchItem"},"authentication":"@parameters('$authentication')"}},"Create_item_6":{"runAfter":{"Update_item_5":["Succeeded"]},"type":"OpenApiConnection","inputs":{"parameters":{"dataset":"https://usilpe-my.sharepoint.com/personal/jhon_aldaez_usil_pe/_layouts/15/lists.aspx?openCreate=true","table":"76c7313c-96e9-4bf0-8903-fe91ce2d686f","item/Title":"@outputs('Create_item')?['body/Title']","item/Responsable/Claims":"@outputs('Create_item')?['body/Solicitante/Email']","item/TipoGestion":"@outputs('Create_item')?['body/TipoSolicitud/Value']","item/EstadoTarea/Value":"Pendiente","item/RelacionSolicitud":"@outputs('Create_item')?['body/ID']"},"host":{"apiId":"/providers/Microsoft.PowerApps/apis/shared_sharepointonline","connectionName":"shared_sharepointonline","operationId":"PostItem"},"authentication":"@parameters('$authentication')"}},"Send_an_email_(V2)_3":{"runAfter":{"Create_item_6":["Succeeded"]},"type":"OpenApiConnection","inputs":{"parameters":{"emailMessage/To":"@outputs('Get_response_details')?['body/responder']","emailMessage/Subject":"Tu solicitud fue aprobada ✅","emailMessage/Body":"<p class=\"editor-paragraph\">Hola,<br><br>Tu solicitud @{outputs('Create_item')?['body/Title']} fue aprobada.<br>Será gestionada próximamente.<br><br>Saludos.</p>","emailMessage/Importance":"Normal"},"host":{"apiId":"/providers/Microsoft.PowerApps/apis/shared_office365","connectionName":"shared_office365","operationId":"SendEmailV2"},"authentication":"@parameters('$authentication')"}}},"type":"Foreach"}},"runAfter":{"Start_and_wait_for_an_approval":["Succeeded"]},"else":{"actions":{"For_each_1":{"foreach":"@outputs('Start_and_wait_for_an_approval')?['body/responses']","actions":{"Create_item_1_1":{"type":"OpenApiConnection","inputs":{"parameters":{"dataset":"https://usilpe-my.sharepoint.com/personal/jhon_aldaez_usil_pe/_layouts/15/lists.aspx?openCreate=true","table":"dc5b1c3c-d44a-4b80-b553-869dd5fee03b","item/Title":"@outputs('Create_item')?['body/Title']","item/SolicitudID":"@outputs('Create_item')?['body/ID']","item/Aprobador/Claims":"@items('For_each_1')?['responder/email']","item/Resultado/Value":"Rechazado","item/Comentarios":"@items('For_each_1')?['comments']","item/FechaDecision":"@utcNow()\r\n"},"host":{"apiId":"/providers/Microsoft.PowerApps/apis/shared_sharepointonline","connectionName":"shared_sharepointonline","operationId":"PostItem"},"authentication":"@parameters('$authentication')"}},"Update_item_6":{"runAfter":{"Create_item_1_1":["Succeeded"]},"type":"OpenApiConnection","inputs":{"parameters":{"dataset":"https://usilpe-my.sharepoint.com/personal/jhon_aldaez_usil_pe/_layouts/15/lists.aspx?openCreate=true","table":"e368c462-7e9b-479d-babf-e40947922fc9","id":"@outputs('Create_item')?['body/ID']","item/Title":"@outputs('Create_item')?['body/Title']","item/OData__x00c1_rea/Value":"@outputs('Create_item')?['body/OData__x00c1_rea/Value']","item/TipoSolicitud/Value":"@outputs('Create_item')?['body/TipoSolicitud/Value']","item/Monto":"@outputs('Create_item')?['body/Monto']","item/Prioridad/Value":"@outputs('Create_item')?['body/Prioridad/Value']","item/Estado/Value":"Rechazado","item/FechaSolicitud":"@outputs('Create_item')?['body/FechaSolicitud']","item/Detalle":"@outputs('Create_item')?['body/Detalle']","item/Correo":"@outputs('Create_item')?['body/Correo']"},"host":{"apiId":"/providers/Microsoft.PowerApps/apis/shared_sharepointonline","connectionName":"shared_sharepointonline","operationId":"PatchItem"},"authentication":"@parameters('$authentication')"}},"Send_an_email_(V2)_4":{"runAfter":{"Update_item_6":["Succeeded"]},"type":"OpenApiConnection","inputs":{"parameters":{"emailMessage/To":"@outputs('Get_response_details')?['body/responder']","emailMessage/Subject":"Tu solicitud fue rechazada","emailMessage/Body":"<p class=\"editor-paragraph\">Hola,<br>Tu solicitud @{outputs('Create_item')?['body/Title']} fue rechazada.<br>Comentarios del aprobador: @{items('For_each_1')?['comments']}</p><br>","emailMessage/Importance":"Normal"},"host":{"apiId":"/providers/Microsoft.PowerApps/apis/shared_office365","connectionName":"shared_office365","operationId":"SendEmailV2"},"authentication":"@parameters('$authentication')"}}},"type":"Foreach"}}},"expression":{"and":[{"equals":["@outputs('Start_and_wait_for_an_approval')?['body/outcome']","Approve"]}]},"type":"If"}},"runAfter":{"Create_item":["Succeeded"]},"else":{"actions":{"Update_item_1":{"type":"OpenApiConnection","inputs":{"parameters":{"dataset":"https://usilpe-my.sharepoint.com/personal/jhon_aldaez_usil_pe/_layouts/15/lists.aspx?openCreate=true","table":"e368c462-7e9b-479d-babf-e40947922fc9","id":"@outputs('Create_item')?['body/ID']","item/Title":"@outputs('Create_item')?['body/Title']","item/OData__x00c1_rea/Value":"@outputs('Create_item')?['body/OData__x00c1_rea/Value']","item/TipoSolicitud/Value":"@outputs('Create_item')?['body/TipoSolicitud/Value']","item/Monto":"@outputs('Create_item')?['body/Monto']","item/Prioridad/Value":"@outputs('Create_item')?['body/Prioridad/Value']","item/Estado/Value":"Aprobado","item/FechaSolicitud":"@outputs('Create_item')?['body/FechaSolicitud']","item/Detalle":"@outputs('Create_item')?['body/Detalle']","item/Correo":"@outputs('Create_item')?['body/Correo']"},"host":{"apiId":"/providers/Microsoft.PowerApps/apis/shared_sharepointonline","connectionName":"shared_sharepointonline","operationId":"PatchItem"},"authentication":"@parameters('$authentication')"}},"Create_item_9":{"runAfter":{"Update_item_1":["Succeeded"]},"type":"OpenApiConnection","inputs":{"parameters":{"dataset":"https://usilpe-my.sharepoint.com/personal/jhon_aldaez_usil_pe/_layouts/15/lists.aspx?openCreate=true","table":"dc5b1c3c-d44a-4b80-b553-869dd5fee03b","item/Title":"@outputs('Create_item')?['body/Title']","item/SolicitudID":"@outputs('Create_item')?['body/ID']","item/Aprobador/Claims":"@outputs('Create_item')?['body/Solicitante/Email']","item/Resultado/Value":"Aprobado","item/Comentarios":"Aprobación automática por reglas de negocio","item/FechaDecision":"@utcNow()"},"host":{"apiId":"/providers/Microsoft.PowerApps/apis/shared_sharepointonline","connectionName":"shared_sharepointonline","operationId":"PostItem"},"authentication":"@parameters('$authentication')"}},"Create_item_10":{"runAfter":{"Create_item_9":["Succeeded"]},"type":"OpenApiConnection","inputs":{"parameters":{"dataset":"https://usilpe-my.sharepoint.com/personal/jhon_aldaez_usil_pe/_layouts/15/lists.aspx?openCreate=true","table":"76c7313c-96e9-4bf0-8903-fe91ce2d686f","item/Title":"@outputs('Create_item')?['body/Title']","item/Responsable/Claims":"@outputs('Create_item')?['body/Solicitante/Email']","item/TipoGestion":"@outputs('Create_item')?['body/TipoSolicitud/Value']","item/EstadoTarea/Value":"Pendiente","item/RelacionSolicitud":"@outputs('Create_item')?['body/ID']"},"host":{"apiId":"/providers/Microsoft.PowerApps/apis/shared_sharepointonline","connectionName":"shared_sharepointonline","operationId":"PostItem"},"authentication":"@parameters('$authentication')"}},"Send_an_email_(V2)_5":{"runAfter":{"Create_item_10":["Succeeded"]},"type":"OpenApiConnection","inputs":{"parameters":{"emailMessage/To":"@outputs('Create_item')?['body/Solicitante/Email']","emailMessage/Subject":"Tu solicitud fue aprobada automáticamente ✅","emailMessage/Body":"<p class=\"editor-paragraph\">Hola,<br><br>Tu solicitud @{outputs('Create_item')?['body/Title']} fue aprobada automáticamente según las reglas establecidas y será gestionada pronto.<br><br>Saludos.</p>","emailMessage/Importance":"Normal"},"host":{"apiId":"/providers/Microsoft.PowerApps/apis/shared_office365","connectionName":"shared_office365","operationId":"SendEmailV2"},"authentication":"@parameters('$authentication')"}}}},"expression":{"or":[{"greater":["@outputs('Create_item')?['body/Monto']",1000]},{"equals":["@outputs('Create_item')?['body/Prioridad/Value']","Alta"]}]},"type":"If"}},"outputs":{}},"connectionReferences":{"shared_microsoftforms":{"connectionName":"shared-microsoftform-e0fb5b35-4f38-441c-abb5-2ef193bc8cc3","source":"Embedded","id":"/providers/Microsoft.PowerApps/apis/shared_microsoftforms","tier":"NotSpecified","apiName":"microsoftforms","isProcessSimpleApiReferenceConversionAlreadyDone":false},"shared_sharepointonline":{"connectionName":"shared-sharepointonl-e75dabb6-d597-4992-9ea5-220a7ac200f0","source":"Embedded","id":"/providers/Microsoft.PowerApps/apis/shared_sharepointonline","tier":"NotSpecified","apiName":"sharepointonline","isProcessSimpleApiReferenceConversionAlreadyDone":false},"shared_approvals":{"connectionName":"shared-approvals-612a31fc-eddd-458d-8487-61aa65babfd4","source":"Embedded","id":"/providers/Microsoft.PowerApps/apis/shared_approvals","tier":"NotSpecified","apiName":"approvals","isProcessSimpleApiReferenceConversionAlreadyDone":false},"shared_office365":{"connectionName":"shared-office365-cc0938b5-9ca8-42c9-a330-9f44f70011f7","source":"Embedded","id":"/providers/Microsoft.PowerApps/apis/shared_office365","tier":"NotSpecified","apiName":"office365","isProcessSimpleApiReferenceConversionAlreadyDone":false}},"flowFailureAlertSubscribed":false,"isManaged":false}}